suite,case,seed,units,backend,status,objective,match_gurobi,nodes,lp_solved,candidates_checked,simplex_iterations,lp_total_runtime_sec,total_runtime_median_sec,time_run_1_sec,time_run_2_sec,time_run_3_sec,iteration_limit,numerical_error,note
core,fixed_charge_block,,,active_set,optimal,28.5,True,7,10,9936,-,0.070605958,0.071158916,0.071158916,0.073735375,0.070545833,False,False,
core,fixed_charge_block,,,two_phase_simplex,optimal,28.5,True,7,10,-,30,0.003878458,0.004262250,0.004690625,0.004262250,0.003978000,False,False,
core,fixed_charge_block,,,scipy_highs,optimal,28.5,True,7,10,-,-,0.006708623,0.007105083,0.007105083,0.007058291,0.007311833,False,False,
core,fixed_charge_block,,,gurobi,optimal,28.5,True,0,,-,-,-,0.000206500,0.000235833,0.000206500,0.000197958,False,False,
core,unit_commitment_tiny,,,active_set,optimal,26,True,5,8,406,-,0.005099292,0.005294583,0.005693833,0.005294583,0.005272000,False,False,
core,unit_commitment_tiny,,,two_phase_simplex,optimal,26,True,5,8,-,7,0.002610043,0.002813500,0.003078500,0.002813500,0.002760541,False,False,
core,unit_commitment_tiny,,,scipy_highs,optimal,26,True,5,8,-,-,0.004682875,0.004927750,0.006112000,0.004927750,0.004796833,False,False,
core,unit_commitment_tiny,,,gurobi,optimal,26,True,0,,-,-,-,0.000139000,0.000155750,0.000139000,0.000132417,False,False,
core,production_expansion_binary,,,active_set,optimal,31.5,True,9,12,9946,-,0.066718000,0.067246583,0.068744375,0.067246583,0.066955042,False,False,
core,production_expansion_binary,,,two_phase_simplex,optimal,31.5,True,9,12,-,29,0.004000126,0.004424250,0.004424250,0.004384250,0.004563583,False,False,
core,production_expansion_binary,,,scipy_highs,optimal,31.5,True,9,12,-,-,0.007340541,0.007819375,0.008122292,0.007787500,0.007819375,False,False,
core,production_expansion_binary,,,gurobi,optimal,31.5,True,1,,-,-,-,0.000219000,0.000254333,0.000219000,0.000205416,False,False,
scaling,scaling_units_2,,2,active_set,optimal,18.399,True,5,8,406,-,0.004270040,0.004447333,0.004447333,0.004414833,0.004552416,False,False,
scaling,scaling_units_2,,2,two_phase_simplex,optimal,18.399,True,5,8,-,7,0.001876459,0.002053959,0.002071583,0.002053959,0.002043375,False,False,
scaling,scaling_units_2,,2,scipy_highs,optimal,18.399,True,5,8,-,-,0.003668457,0.003871250,0.003951834,0.003871250,0.003814917,False,False,
scaling,scaling_units_2,,2,gurobi,optimal,18.399,True,0,,-,-,-,0.000126333,0.000145792,0.000126333,0.000120125,False,False,
scaling,scaling_units_3,,3,active_set,optimal,28.488,True,5,8,9596,-,0.064334002,0.064671875,0.064793166,0.064671875,0.064626042,False,False,
scaling,scaling_units_3,,3,two_phase_simplex,optimal,28.488,True,5,8,-,16,0.002937001,0.003226083,0.003163583,0.003226083,0.003333167,False,False,
scaling,scaling_units_3,,3,scipy_highs,optimal,28.488,True,5,8,-,-,0.005091707,0.005409250,0.005342417,0.005668833,0.005409250,False,False,
scaling,scaling_units_3,,3,gurobi,optimal,28.488,True,1,,-,-,-,0.000314125,0.000402750,0.000314125,0.000287333,False,False,
scaling,scaling_units_4,,4,active_set,optimal,35.665,True,13,16,252274,-,1.647457710,1.648321000,1.668328250,1.648321000,1.605442041,False,False,
scaling,scaling_units_4,,4,two_phase_simplex,optimal,35.665,True,13,16,-,44,0.006675997,0.007273958,0.007227959,0.007273958,0.007585708,False,False,
scaling,scaling_units_4,,4,scipy_highs,optimal,35.665,True,13,16,-,-,0.011081208,0.011791958,0.011852333,0.011791958,0.011750292,False,False,
scaling,scaling_units_4,,4,gurobi,optimal,35.665,True,1,,-,-,-,0.000387792,0.000420500,0.000387792,0.000358584,False,False,
scaling,scaling_units_5,,5,active_set,candidate_limit,50.506,,1,3,250462,-,1.698344375,1.698418833,1.698418833,1.687655459,1.741793042,False,False,
scaling,scaling_units_5,,5,two_phase_simplex,optimal,42.656,True,9,12,-,69,0.007643335,0.008209875,0.008369750,0.008095208,0.008209875,False,False,
scaling,scaling_units_5,,5,scipy_highs,optimal,42.656,True,9,12,-,-,0.010694541,0.011336167,0.011688000,0.011336167,0.011094416,False,False,
scaling,scaling_units_5,,5,gurobi,optimal,42.656,True,1,,-,-,-,0.000647333,0.000801541,0.000647333,0.000595750,False,False,
batch,batch_units_2_seed_0,0,2,active_set,optimal,23.804519,True,5,8,406,-,0.004276252,0.004460959,0.004445833,0.004609417,0.004460959,False,False,
batch,batch_units_2_seed_0,0,2,two_phase_simplex,optimal,23.804519,True,5,8,-,10,0.001951708,0.002126875,0.002151916,0.002120666,0.002126875,False,False,
batch,batch_units_2_seed_0,0,2,scipy_highs,optimal,23.804519,True,5,8,-,-,0.003727208,0.003927250,0.003958917,0.003927250,0.003891125,False,False,
batch,batch_units_2_seed_0,0,2,gurobi,optimal,23.804519,True,0,,-,-,-,0.000147042,0.000166042,0.000147042,0.000146750,False,False,
batch,batch_units_2_seed_1,1,2,active_set,optimal,31.873844,True,3,5,396,-,0.003819084,0.003938250,0.003969083,0.003938250,0.003934875,False,False,
batch,batch_units_2_seed_1,1,2,two_phase_simplex,optimal,31.873844,True,3,5,-,8,0.001512166,0.001646458,0.001786292,0.001646458,0.001632958,False,False,
batch,batch_units_2_seed_1,1,2,scipy_highs,optimal,31.873844,True,3,5,-,-,0.002775249,0.002916083,0.002916083,0.002899833,0.004588875,False,False,
batch,batch_units_2_seed_1,1,2,gurobi,optimal,31.873844,True,0,,-,-,-,0.000167000,0.000174333,0.000167000,0.000152084,False,False,
batch,batch_units_2_seed_2,2,2,active_set,optimal,21.497778,True,3,6,396,-,0.004142417,0.004323334,0.004335792,0.004083625,0.004323334,False,False,
batch,batch_units_2_seed_2,2,2,two_phase_simplex,optimal,21.497778,True,3,6,-,9,0.001581626,0.001708250,0.001724541,0.001708250,0.001695625,False,False,
batch,batch_units_2_seed_2,2,2,scipy_highs,optimal,21.497778,True,3,6,-,-,0.002978293,0.003130375,0.003429875,0.003130375,0.002995208,False,False,
batch,batch_units_2_seed_2,2,2,gurobi,optimal,21.497778,True,0,,-,-,-,0.000148917,0.000166292,0.000148917,0.000139000,False,False,
batch,batch_units_2_seed_3,3,2,active_set,optimal,22.316514,True,5,8,406,-,0.004289417,0.004462875,0.004549000,0.004439875,0.004462875,False,False,
batch,batch_units_2_seed_3,3,2,two_phase_simplex,optimal,22.316514,True,5,8,-,10,0.001990794,0.002179209,0.002166750,0.002237875,0.002179209,False,False,
batch,batch_units_2_seed_3,3,2,scipy_highs,optimal,22.316514,True,5,8,-,-,0.003721000,0.003920292,0.003920292,0.003869292,0.004379792,False,False,
batch,batch_units_2_seed_3,3,2,gurobi,optimal,22.316514,True,0,,-,-,-,0.000145416,0.000160375,0.000145416,0.000139500,False,False,
batch,batch_units_2_seed_4,4,2,active_set,optimal,32.389692,True,3,5,396,-,0.003885249,0.004004209,0.003959541,0.004004209,0.004130459,False,False,
batch,batch_units_2_seed_4,4,2,two_phase_simplex,optimal,32.389692,True,3,5,-,9,0.001506459,0.001633542,0.001642750,0.001633542,0.001600792,False,False,
batch,batch_units_2_seed_4,4,2,scipy_highs,optimal,32.389692,True,3,5,-,-,0.002843501,0.002987667,0.002987667,0.003224000,0.002897208,False,False,
batch,batch_units_2_seed_4,4,2,gurobi,optimal,32.389692,True,0,,-,-,-,0.000143333,0.000158958,0.000143333,0.000138167,False,False,
batch,batch_units_3_seed_0,0,3,active_set,optimal,40.471695,True,5,8,9540,-,0.063714834,0.063947583,0.063801416,0.063947583,0.064322292,False,False,
batch,batch_units_3_seed_0,0,3,two_phase_simplex,optimal,40.471695,True,5,8,-,19,0.002827126,0.003028667,0.003211417,0.003028667,0.003018041,False,False,
batch,batch_units_3_seed_0,0,3,scipy_highs,optimal,40.471695,True,5,8,-,-,0.004449792,0.004664791,0.004969209,0.004664791,0.004639584,False,False,
batch,batch_units_3_seed_0,0,3,gurobi,optimal,40.471695,True,0,,-,-,-,0.000168500,0.000195250,0.000165667,0.000168500,False,False,
batch,batch_units_3_seed_1,1,3,active_set,optimal,29.098846,True,7,10,9982,-,0.066716708,0.067105166,0.067393291,0.066839792,0.067105166,False,False,
batch,batch_units_3_seed_1,1,3,two_phase_simplex,optimal,29.098846,True,7,10,-,30,0.003514875,0.003878584,0.003913416,0.003863125,0.003878584,False,False,
batch,batch_units_3_seed_1,1,3,scipy_highs,optimal,29.098846,True,7,10,-,-,0.006446624,0.006870875,0.006792916,0.007103084,0.006870875,False,False,
batch,batch_units_3_seed_1,1,3,gurobi,optimal,29.098846,True,1,,-,-,-,0.000258000,0.000288667,0.000258000,0.000245250,False,False,
batch,batch_units_3_seed_2,2,3,active_set,optimal,33.497582,True,3,6,9330,-,0.061712417,0.061935250,0.061935250,0.061627083,0.062215792,False,False,
batch,batch_units_3_seed_2,2,3,two_phase_simplex,optimal,33.497582,True,3,6,-,14,0.002174458,0.002364000,0.002336875,0.002364000,0.002384000,False,False,
batch,batch_units_3_seed_2,2,3,scipy_highs,optimal,33.497582,True,3,6,-,-,0.003350416,0.003552375,0.003552375,0.003494917,0.003633917,False,False,
batch,batch_units_3_seed_2,2,3,gurobi,optimal,33.497582,True,1,,-,-,-,0.000225084,0.000258709,0.000225084,0.000213625,False,False,
batch,batch_units_3_seed_3,3,3,active_set,optimal,25.380372,True,3,6,9340,-,0.061632334,0.061809542,0.062113333,0.061761375,0.061809542,False,False,
batch,batch_units_3_seed_3,3,3,two_phase_simplex,optimal,25.380372,True,3,6,-,20,0.002384793,0.002549958,0.002558292,0.002549958,0.002517208,False,False,
batch,batch_units_3_seed_3,3,3,scipy_highs,optimal,25.380372,True,3,6,-,-,0.003921332,0.004093875,0.004390417,0.004093875,0.004031541,False,False,
batch,batch_units_3_seed_3,3,3,gurobi,optimal,25.380372,True,1,,-,-,-,0.000230625,0.000259125,0.000230625,0.000219834,False,False,
batch,batch_units_3_seed_4,4,3,active_set,optimal,37.92209,True,5,8,9550,-,0.063269876,0.063503209,0.063635000,0.063497708,0.063503209,False,False,
batch,batch_units_3_seed_4,4,3,two_phase_simplex,optimal,37.92209,True,5,8,-,19,0.002941834,0.003147042,0.003120792,0.003147042,0.003158417,False,False,
batch,batch_units_3_seed_4,4,3,scipy_highs,optimal,37.92209,True,5,8,-,-,0.004995248,0.005231625,0.005231625,0.005108000,0.005503791,False,False,
batch,batch_units_3_seed_4,4,3,gurobi,optimal,37.92209,True,0,,-,-,-,0.000173458,0.000195666,0.000173458,0.000163125,False,False,
batch,batch_units_4_seed_0,0,4,active_set,optimal,57.768338,True,7,10,241447,-,1.510186000,1.510745084,1.514959667,1.510745084,1.509555917,False,False,
batch,batch_units_4_seed_0,0,4,two_phase_simplex,optimal,57.768338,True,7,10,-,41,0.004783998,0.005141416,0.005141416,0.005339750,0.005052833,False,False,
batch,batch_units_4_seed_0,0,4,scipy_highs,optimal,57.768338,True,7,10,-,-,0.007004708,0.007415458,0.007415458,0.007386834,0.007601291,False,False,
batch,batch_units_4_seed_0,0,4,gurobi,optimal,57.768338,True,1,,-,-,-,0.000384916,0.000426166,0.000384916,0.000369625,False,False,
batch,batch_units_4_seed_1,1,4,active_set,optimal,45.520526,True,9,12,252029,-,1.581744251,1.582637208,1.585474458,1.579692542,1.582637208,False,False,
batch,batch_units_4_seed_1,1,4,two_phase_simplex,optimal,45.520526,True,9,12,-,54,0.005783832,0.006335209,0.006335209,0.006524959,0.006333250,False,False,
batch,batch_units_4_seed_1,1,4,scipy_highs,optimal,45.520526,True,9,12,-,-,0.009040457,0.009651208,0.009651208,0.009697792,0.009475292,False,False,
batch,batch_units_4_seed_1,1,4,gurobi,optimal,45.520526,True,1,,-,-,-,0.000336541,0.000374458,0.000333584,0.000336541,False,False,
batch,batch_units_4_seed_2,2,4,active_set,optimal,34.480494,True,5,8,244735,-,1.535234957,1.535744917,1.538617917,1.535283292,1.535744917,False,False,
batch,batch_units_4_seed_2,2,4,two_phase_simplex,optimal,34.480494,True,5,8,-,46,0.003939127,0.004239375,0.004349042,0.004239375,0.004206417,False,False,
batch,batch_units_4_seed_2,2,4,scipy_highs,optimal,34.480494,True,5,8,-,-,0.005474417,0.005796167,0.005796167,0.005756750,0.006033583,False,False,
batch,batch_units_4_seed_2,2,4,gurobi,optimal,34.480494,True,1,,-,-,-,0.000353041,0.000391292,0.000353041,0.000332791,False,False,
batch,batch_units_4_seed_3,3,4,active_set,optimal,37.916513,True,13,16,251482,-,1.595117791,1.595998416,1.594002792,1.595998416,1.597910833,False,False,
batch,batch_units_4_seed_3,3,4,two_phase_simplex,optimal,37.916513,True,13,16,-,57,0.006842958,0.007441333,0.007441333,0.007409458,0.007770542,False,False,
batch,batch_units_4_seed_3,3,4,scipy_highs,optimal,37.916513,True,13,16,-,-,0.011081793,0.011780541,0.011828292,0.011780541,0.011741500,False,False,
batch,batch_units_4_seed_3,3,4,gurobi,optimal,37.916513,True,1,,-,-,-,0.000411959,0.000451625,0.000411959,0.000398541,False,False,
batch,batch_units_4_seed_4,4,4,active_set,optimal,53.072917,True,7,10,250777,-,1.591042501,1.591723250,1.586014917,1.643073250,1.591723250,False,False,
batch,batch_units_4_seed_4,4,4,two_phase_simplex,optimal,53.072917,True,7,10,-,54,0.005235124,0.005641542,0.005587958,0.005836958,0.005641542,False,False,
batch,batch_units_4_seed_4,4,4,scipy_highs,optimal,53.072917,True,7,10,-,-,0.008538625,0.008998834,0.008998834,0.008982541,0.009005334,False,False,
batch,batch_units_4_seed_4,4,4,gurobi,optimal,53.072917,True,1,,-,-,-,0.000351875,0.000394208,0.000351875,0.000317792,False,False,
batch,batch_units_5_seed_0,0,5,active_set,candidate_limit,67.876745,,1,3,250462,-,1.698358542,1.698430292,1.704429750,1.698430292,1.697230541,False,False,
batch,batch_units_5_seed_0,0,5,two_phase_simplex,optimal,54.827235,True,3,6,-,41,0.004002083,0.004226584,0.004226584,0.004388958,0.004223000,False,False,
batch,batch_units_5_seed_0,0,5,scipy_highs,optimal,54.827235,True,3,6,-,-,0.005504250,0.005742125,0.005928750,0.005742125,0.005684291,False,False,
batch,batch_units_5_seed_0,0,5,gurobi,optimal,54.827235,True,1,,-,-,-,0.000349417,0.000386708,0.000349417,0.000346709,False,False,
batch,batch_units_5_seed_1,1,5,active_set,candidate_limit,66.810489,,1,3,250462,-,1.706163209,1.706239583,1.706752625,1.700083542,1.706239583,False,False,
batch,batch_units_5_seed_1,1,5,two_phase_simplex,optimal,61.081489,True,13,16,-,108,0.010261832,0.010920875,0.010920875,0.010932083,0.010680042,False,False,
batch,batch_units_5_seed_1,1,5,scipy_highs,optimal,61.081489,True,13,16,-,-,0.013836250,0.014539084,0.014725000,0.014539084,0.014519292,False,False,
batch,batch_units_5_seed_1,1,5,gurobi,optimal,61.081489,True,1,,-,-,-,0.000382667,0.000421000,0.000382667,0.000366958,False,False,
batch,batch_units_5_seed_2,2,5,active_set,candidate_limit,55.460747,,1,3,250462,-,1.701883668,1.701955958,1.704675792,1.697439083,1.701955958,False,False,
batch,batch_units_5_seed_2,2,5,two_phase_simplex,optimal,49.586747,True,9,12,-,73,0.007550002,0.008048875,0.008048875,0.008260084,0.007996583,False,False,
batch,batch_units_5_seed_2,2,5,scipy_highs,optimal,49.586747,True,9,12,-,-,0.010185708,0.010741625,0.010822375,0.010517792,0.010741625,False,False,
batch,batch_units_5_seed_2,2,5,gurobi,optimal,49.586747,True,1,,-,-,-,0.000402459,0.000445167,0.000402459,0.000388541,False,False,
batch,batch_units_5_seed_3,3,5,active_set,candidate_limit,62.640704,,1,3,250462,-,1.703381458,1.703453250,1.701050083,1.821105792,1.703453250,False,False,
batch,batch_units_5_seed_3,3,5,two_phase_simplex,optimal,59.866756,True,9,12,-,70,0.008486292,0.009031500,0.009058333,0.008815625,0.009031500,False,False,
batch,batch_units_5_seed_3,3,5,scipy_highs,optimal,59.866756,True,9,12,-,-,0.011075211,0.011650666,0.011454459,0.011879750,0.011650666,False,False,
batch,batch_units_5_seed_3,3,5,gurobi,optimal,59.866756,True,1,,-,-,-,0.000514625,0.000569750,0.000514625,0.000494666,False,False,
batch,batch_units_5_seed_4,4,5,active_set,candidate_limit,71.190343,,1,3,250462,-,1.705153501,1.705230750,1.705932000,1.703668667,1.705230750,False,False,
batch,batch_units_5_seed_4,4,5,two_phase_simplex,optimal,58.273283,True,7,10,-,74,0.007025250,0.007495958,0.007605209,0.007495958,0.007399250,False,False,
batch,batch_units_5_seed_4,4,5,scipy_highs,optimal,58.273283,True,7,10,-,-,0.009502915,0.010009084,0.010152541,0.009803625,0.010009084,False,False,
batch,batch_units_5_seed_4,4,5,gurobi,optimal,58.273283,True,1,,-,-,-,0.000405875,0.000459167,0.000405875,0.000391750,False,False,
