active_set_candidates,bb_nodes,case,family,fixed_variables,formal_lp_solved,global_bound,incumbent,infeasible_detected,inference_time_sec,limit_type,lp_backend,lp_status,lp_time_sec,num_binary,num_constraints,num_variables,objective,presolve_config,probe_lp_solved,probe_time_sec,relative_gap,removed_rows,search_strategy,section,seed,solver_runtime_sec,status,tightened_bounds,time_repeats_sec,total_runtime_sec
50388,,fixed_multi_cover_s2,fixed_charge_multi_resource,0,,,,否,,,,最优,0.33026192,5,5,7,,未开启筛选,,,,0,,三项筛选,2,,,0,,
12376,,fixed_multi_cover_s2,fixed_charge_multi_resource,1,,,,否,,,,最优,0.082017291,5,5,7,,仅固定变量消元,,,,0,,三项筛选,2,,,0,,
5005,,fixed_multi_cover_s2,fixed_charge_multi_resource,1,,,,否,,,,最优,0.035059459,5,5,7,,固定变量消元+冗余删除/不可行判断,,,,2,,三项筛选,2,,,0,,
5005,,fixed_multi_cover_s2,fixed_charge_multi_resource,1,,,,否,,,,最优,0.034861583,5,5,7,,三项筛选,,,,2,,三项筛选,2,,,0,,
50388,,fixed_multi_cover_s3,fixed_charge_multi_resource,0,,,,否,,,,最优,0.32808038,5,5,7,,未开启筛选,,,,0,,三项筛选,3,,,0,,
12376,,fixed_multi_cover_s3,fixed_charge_multi_resource,1,,,,否,,,,最优,0.084406875,5,5,7,,仅固定变量消元,,,,0,,三项筛选,3,,,0,,
5005,,fixed_multi_cover_s3,fixed_charge_multi_resource,1,,,,否,,,,最优,0.035219458,5,5,7,,固定变量消元+冗余删除/不可行判断,,,,2,,三项筛选,3,,,0,,
5005,,fixed_multi_cover_s3,fixed_charge_multi_resource,1,,,,否,,,,最优,0.035620375,5,5,7,,三项筛选,,,,2,,三项筛选,3,,,0,,
50388,,capacity_cover_s4,capacity_expansion,0,,,,否,,,,最优,0.33154883,5,5,7,,未开启筛选,,,,0,,三项筛选,4,,,0,,
12376,,capacity_cover_s4,capacity_expansion,1,,,,否,,,,最优,0.084087583,5,5,7,,仅固定变量消元,,,,0,,三项筛选,4,,,0,,
5005,,capacity_cover_s4,capacity_expansion,1,,,,否,,,,最优,0.034968125,5,5,7,,固定变量消元+冗余删除/不可行判断,,,,2,,三项筛选,4,,,0,,
5005,,capacity_cover_s4,capacity_expansion,1,,,,否,,,,最优,0.034754125,5,5,7,,三项筛选,,,,2,,三项筛选,4,,,0,,
50388,,capacity_cover_s8,capacity_expansion,0,,,,否,,,,最优,0.32436692,5,5,7,,未开启筛选,,,,0,,三项筛选,8,,,0,,
12376,,capacity_cover_s8,capacity_expansion,1,,,,否,,,,最优,0.081804458,5,5,7,,仅固定变量消元,,,,0,,三项筛选,8,,,0,,
3003,,capacity_cover_s8,capacity_expansion,1,,,,否,,,,最优,0.020307542,5,5,7,,固定变量消元+冗余删除/不可行判断,,,,3,,三项筛选,8,,,0,,
3003,,capacity_cover_s8,capacity_expansion,1,,,,否,,,,最优,0.02034675,5,5,7,,三项筛选,,,,3,,三项筛选,8,,,0,,
12376,,random_sparse_s21,random_sparse_block,0,,,,否,,,,最优,0.07902425,3,5,6,,未开启筛选,,,,0,,三项筛选,21,,,0,,
3003,,random_sparse_s21,random_sparse_block,1,,,,否,,,,最优,0.019529042,3,5,6,,仅固定变量消元,,,,0,,三项筛选,21,,,0,,
3003,,random_sparse_s21,random_sparse_block,1,,,,否,,,,最优,0.0200535,3,5,6,,固定变量消元+冗余删除/不可行判断,,,,0,,三项筛选,21,,,0,,
330,,random_sparse_s21,random_sparse_block,2,,,,否,,,,最优,0.002859875,3,5,6,,三项筛选,,,,2,,三项筛选,21,,,5,,
27132,,unit_commitment_u3_s1,unit_commitment,0,,,,否,,,,最优,0.17341733,3,7,6,,未开启筛选,,,,0,,三项筛选,1,,,0,,
6188,,unit_commitment_u3_s1,unit_commitment,1,,,,否,,,,最优,0.039435041,3,7,6,,仅固定变量消元,,,,0,,三项筛选,1,,,0,,
4368,,unit_commitment_u3_s1,unit_commitment,1,,,,否,,,,最优,0.029148917,3,7,6,,固定变量消元+冗余删除/不可行判断,,,,1,,三项筛选,1,,,0,,
330,,unit_commitment_u3_s1,unit_commitment,2,,,,否,,,,最优,0.0030485,3,7,6,,三项筛选,,,,4,,三项筛选,1,,,5,,
27132,,unit_commitment_u3_s2,unit_commitment,0,,,,否,,,,最优,0.17793329,3,7,6,,未开启筛选,,,,0,,三项筛选,2,,,0,,
6188,,unit_commitment_u3_s2,unit_commitment,1,,,,否,,,,最优,0.0402685,3,7,6,,仅固定变量消元,,,,0,,三项筛选,2,,,0,,
4368,,unit_commitment_u3_s2,unit_commitment,1,,,,否,,,,最优,0.029423,3,7,6,,固定变量消元+冗余删除/不可行判断,,,,1,,三项筛选,2,,,0,,
330,,unit_commitment_u3_s2,unit_commitment,2,,,,否,,,,最优,0.00313375,3,7,6,,三项筛选,,,,4,,三项筛选,2,,,5,,
27132,,unit_commitment_u3_s4,unit_commitment,0,,,,否,,,,最优,0.17890529,3,7,6,,未开启筛选,,,,0,,三项筛选,4,,,0,,
6188,,unit_commitment_u3_s4,unit_commitment,1,,,,否,,,,最优,0.040078625,3,7,6,,仅固定变量消元,,,,0,,三项筛选,4,,,0,,
4368,,unit_commitment_u3_s4,unit_commitment,1,,,,否,,,,最优,0.029610125,3,7,6,,固定变量消元+冗余删除/不可行判断,,,,1,,三项筛选,4,,,0,,
330,,unit_commitment_u3_s4,unit_commitment,2,,,,否,,,,最优,0.0030535,3,7,6,,三项筛选,,,,4,,三项筛选,4,,,5,,
35545,31,fixed_multi_cover_s2,fixed_charge_multi_resource,119,34,8.02,8.02,,0,,自制active-set,,,5,5,7,8.02,,0,0,0,118,深度优先搜索,节点选择,2,0.25175675,最优,27,0.25186487;0.25035733;0.25177258,0.25177258
35453,23,fixed_multi_cover_s2,fixed_charge_multi_resource,81,26,8.02,8.02,,0,,自制active-set,,,5,5,7,8.02,,0,0,0,85,最优界优先队列,节点选择,2,0.24806804,最优,23,0.24832192;0.24762312;0.24808162,0.24808162
35600,25,fixed_multi_cover_s3,fixed_charge_multi_resource,91,28,9.2934,9.2934,,0,,自制active-set,,,5,5,7,9.2934,,0,0,0,88,深度优先搜索,节点选择,3,0.25020671,最优,23,0.25273642;0.25022067;0.24858771,0.25022067
35600,25,fixed_multi_cover_s3,fixed_charge_multi_resource,91,28,9.2934,9.2934,,0,,自制active-set,,,5,5,7,9.2934,,0,0,0,88,最优界优先队列,节点选择,3,0.24989771,最优,23,0.24991087;0.2489355;0.24992233,0.24991087
35748,27,capacity_cover_s4,capacity_expansion,99,30,11.48,11.48,,0,,自制active-set,,,5,5,7,11.48,,0,0,0,94,深度优先搜索,节点选择,4,0.25395196,最优,23,0.254929;0.25356296;0.25396529,0.25396529
35672,25,capacity_cover_s4,capacity_expansion,91,28,11.48,11.48,,0,,自制active-set,,,5,5,7,11.48,,0,0,0,86,最优界优先队列,节点选择,4,0.25409133,最优,22,0.25429288;0.25260517;0.25410383,0.25410383
33257,27,capacity_cover_s8,capacity_expansion,99,30,6.1,6.1,,0,,自制active-set,,,5,5,7,6.1,,0,0,0,94,深度优先搜索,节点选择,8,0.23262179,最优,19,0.23349612;0.23263487;0.23154492,0.23263487
33139,23,capacity_cover_s8,capacity_expansion,81,26,6.1,6.1,,0,,自制active-set,,,5,5,7,6.1,,0,0,0,83,最优界优先队列,节点选择,8,0.22964942,最优,17,0.22983458;0.22966246;0.22931479,0.22966246
14820,5,random_sparse_s21,random_sparse_block,24,8,13.35920941,13.35920941,,0,,自制active-set,,,3,5,6,13.35920941,,0,0,0,9,深度优先搜索,节点选择,21,0.098845166,最优,16,0.098856709;0.10037883;0.098431375,0.098856709
14820,5,random_sparse_s21,random_sparse_block,24,8,13.35920941,13.35920941,,0,,自制active-set,,,3,5,6,13.35920941,,0,0,0,9,最优界优先队列,节点选择,21,0.097966625,最优,16,0.098564833;0.097742;0.097978042,0.097978042
30896,5,unit_commitment_u3_s1,unit_commitment,21,8,31.7337,31.7337,,0,,自制active-set,,,3,7,6,31.7337,,0,0,0,27,深度优先搜索,节点选择,1,0.20446446,最优,24,0.20447692;0.20428067;0.20518733,0.20447692
30896,5,unit_commitment_u3_s1,unit_commitment,21,8,31.7337,31.7337,,0,,自制active-set,,,3,7,6,31.7337,,0,0,0,27,最优界优先队列,节点选择,1,0.20327033,最优,24,0.20393563;0.20328179;0.2026815,0.20328179
30896,5,unit_commitment_u3_s2,unit_commitment,21,8,18.2454,18.2454,,0,,自制active-set,,,3,7,6,18.2454,,0,0,0,27,深度优先搜索,节点选择,2,0.20197179,最优,24,0.20280529;0.20185937;0.20198367,0.20198367
30896,5,unit_commitment_u3_s2,unit_commitment,21,8,18.2454,18.2454,,0,,自制active-set,,,3,7,6,18.2454,,0,0,0,27,最优界优先队列,节点选择,2,0.20385704,最优,24,0.20386938;0.20422212;0.20215346,0.20386938
30566,5,unit_commitment_u3_s4,unit_commitment,23,8,26.7218,26.7218,,0,,自制active-set,,,3,7,6,26.7218,,0,0,0,23,深度优先搜索,节点选择,4,0.20124617,最优,24,0.20181954;0.20125796;0.19963796,0.20125796
30566,5,unit_commitment_u3_s4,unit_commitment,23,8,26.7218,26.7218,,0,,自制active-set,,,3,7,6,26.7218,,0,0,0,23,最优界优先队列,节点选择,4,0.20036713,最优,24,0.200379;0.19935308;0.20107921,0.200379
